Parent Type,Parent ID,Cabinet ID,Cabinet Name
Room,U11_S1_SS1_B1_R1,U11_S1_SS1_B1_R1_C1,Main Cabinet 1
Room,U11_S1_SS1_B2_R1,U11_S1_SS1_B2_R1_C1,Main Cabinet 1
Room,U11_S1_SS2_B1_R1,U11_S1_SS2_B1_R1_C1,Main Cabinet 1
Room,U11_S1_SS2_B2_R1,U11_S1_SS2_B2_R1_C1,Main Cabinet 1
Room,U11_S1_SS3_B1_R1,U11_S1_SS3_B1_R1_C1,Main Cabinet 1
Room,U11_S1_SS3_B2_R1,U11_S1_SS3_B2_R1_C1,Main Cabinet 1
Room,U11_S1_SS4_B1_R1,U11_S1_SS4_B1_R1_C1,Main Cabinet 1
Room,U11_S1_SS4_B2_R1,U11_S1_SS4_B2_R1_C1,Main Cabinet 1
Room,U11_S1_SS5_B1_R1,U11_S1_SS5_B1_R1_C1,Main Cabinet 1
Room,U11_S1_SS5_B2_R1,U11_S1_SS5_B2_R1_C1,Main Cabinet 1
Room,U11_S2_SS1_B1_R1,U11_S2_SS1_B1_R1_C1,Main Cabinet 1
Room,U11_S2_SS1_B2_R1,U11_S2_SS1_B2_R1_C1,Main Cabinet 1
Room,U11_S2_SS2_B1_R1,U11_S2_SS2_B1_R1_C1,Main Cabinet 1
Room,U11_S2_SS2_B2_R1,U11_S2_SS2_B2_R1_C1,Main Cabinet 1
Room,U11_S2_SS3_B1_R1,U11_S2_SS3_B1_R1_C1,Main Cabinet 1
Room,U11_S2_SS3_B2_R1,U11_S2_SS3_B2_R1_C1,Main Cabinet 1
Room,U11_S2_SS4_B1_R1,U11_S2_SS4_B1_R1_C1,Main Cabinet 1
Room,U11_S2_SS4_B2_R1,U11_S2_SS4_B2_R1_C1,Main Cabinet 1
Room,U11_S2_SS5_B1_R1,U11_S2_SS5_B1_R1_C1,Main Cabinet 1
Room,U11_S2_SS5_B2_R1,U11_S2_SS5_B2_R1_C1,Main Cabinet 1
Room,U11_S3_SS1_B1_R1,U11_S3_SS1_B1_R1_C1,Main Cabinet 1
Room,U11_S3_SS1_B2_R1,U11_S3_SS1_B2_R1_C1,Main Cabinet 1
Room,U11_S3_SS2_B1_R1,U11_S3_SS2_B1_R1_C1,Main Cabinet 1
Room,U11_S3_SS2_B2_R1,U11_S3_SS2_B2_R1_C1,Main Cabinet 1
Room,U11_S3_SS3_B1_R1,U11_S3_SS3_B1_R1_C1,Main Cabinet 1
Room,U11_S3_SS3_B2_R1,U11_S3_SS3_B2_R1_C1,Main Cabinet 1
Room,U11_S3_SS4_B1_R1,U11_S3_SS4_B1_R1_C1,Main Cabinet 1
Room,U11_S3_SS4_B2_R1,U11_S3_SS4_B2_R1_C1,Main Cabinet 1
Room,U11_S3_SS5_B1_R1,U11_S3_SS5_B1_R1_C1,Main Cabinet 1
Room,U11_S3_SS5_B2_R1,U11_S3_SS5_B2_R1_C1,Main Cabinet 1
Room,U11_S4_SS1_B1_R1,U11_S4_SS1_B1_R1_C1,Main Cabinet 1
Room,U11_S4_SS1_B2_R1,U11_S4_SS1_B2_R1_C1,Main Cabinet 1
Room,U11_S4_SS2_B1_R1,U11_S4_SS2_B1_R1_C1,Main Cabinet 1
Room,U11_S4_SS2_B2_R1,U11_S4_SS2_B2_R1_C1,Main Cabinet 1
Room,U11_S4_SS3_B1_R1,U11_S4_SS3_B1_R1_C1,Main Cabinet 1
Room,U11_S4_SS3_B2_R1,U11_S4_SS3_B2_R1_C1,Main Cabinet 1
Room,U11_S4_SS4_B1_R1,U11_S4_SS4_B1_R1_C1,Main Cabinet 1
Room,U11_S4_SS4_B2_R1,U11_S4_SS4_B2_R1_C1,Main Cabinet 1
Room,U11_S4_SS5_B1_R1,U11_S4_SS5_B1_R1_C1,Main Cabinet 1
Room,U11_S4_SS5_B2_R1,U11_S4_SS5_B2_R1_C1,Main Cabinet 1
Room,U11_S5_SS1_B1_R1,U11_S5_SS1_B1_R1_C1,Main Cabinet 1
Room,U11_S5_SS1_B2_R1,U11_S5_SS1_B2_R1_C1,Main Cabinet 1
Room,U11_S5_SS2_B1_R1,U11_S5_SS2_B1_R1_C1,Main Cabinet 1
Room,U11_S5_SS2_B2_R1,U11_S5_SS2_B2_R1_C1,Main Cabinet 1
Room,U11_S5_SS3_B1_R1,U11_S5_SS3_B1_R1_C1,Main Cabinet 1
Room,U11_S5_SS3_B2_R1,U11_S5_SS3_B2_R1_C1,Main Cabinet 1
Room,U11_S5_SS4_B1_R1,U11_S5_SS4_B1_R1_C1,Main Cabinet 1
Room,U11_S5_SS4_B2_R1,U11_S5_SS4_B2_R1_C1,Main Cabinet 1
Room,U11_S5_SS5_B1_R1,U11_S5_SS5_B1_R1_C1,Main Cabinet 1
Room,U11_S5_SS5_B2_R1,U11_S5_SS5_B2_R1_C1,Main Cabinet 1
Room,U12_S1_SS1_B1_R1,U12_S1_SS1_B1_R1_C1,Main Cabinet 1
Room,U12_S1_SS1_B2_R1,U12_S1_SS1_B2_R1_C1,Main Cabinet 1
Room,U12_S1_SS2_B1_R1,U12_S1_SS2_B1_R1_C1,Main Cabinet 1
Room,U12_S1_SS2_B2_R1,U12_S1_SS2_B2_R1_C1,Main Cabinet 1
Room,U12_S1_SS3_B1_R1,U12_S1_SS3_B1_R1_C1,Main Cabinet 1
Room,U12_S1_SS3_B2_R1,U12_S1_SS3_B2_R1_C1,Main Cabinet 1
Room,U12_S1_SS4_B1_R1,U12_S1_SS4_B1_R1_C1,Main Cabinet 1
Room,U12_S1_SS4_B2_R1,U12_S1_SS4_B2_R1_C1,Main Cabinet 1
Room,U12_S1_SS5_B1_R1,U12_S1_SS5_B1_R1_C1,Main Cabinet 1
Room,U12_S1_SS5_B2_R1,U12_S1_SS5_B2_R1_C1,Main Cabinet 1
Room,U12_S2_SS1_B1_R1,U12_S2_SS1_B1_R1_C1,Main Cabinet 1
Room,U12_S2_SS1_B2_R1,U12_S2_SS1_B2_R1_C1,Main Cabinet 1
Room,U12_S2_SS2_B1_R1,U12_S2_SS2_B1_R1_C1,Main Cabinet 1
Room,U12_S2_SS2_B2_R1,U12_S2_SS2_B2_R1_C1,Main Cabinet 1
Room,U12_S2_SS3_B1_R1,U12_S2_SS3_B1_R1_C1,Main Cabinet 1
Room,U12_S2_SS3_B2_R1,U12_S2_SS3_B2_R1_C1,Main Cabinet 1
Room,U12_S2_SS4_B1_R1,U12_S2_SS4_B1_R1_C1,Main Cabinet 1
Room,U12_S2_SS4_B2_R1,U12_S2_SS4_B2_R1_C1,Main Cabinet 1
Room,U12_S2_SS5_B1_R1,U12_S2_SS5_B1_R1_C1,Main Cabinet 1
Room,U12_S2_SS5_B2_R1,U12_S2_SS5_B2_R1_C1,Main Cabinet 1
Room,U12_S3_SS1_B1_R1,U12_S3_SS1_B1_R1_C1,Main Cabinet 1
Room,U12_S3_SS1_B2_R1,U12_S3_SS1_B2_R1_C1,Main Cabinet 1
Room,U12_S3_SS2_B1_R1,U12_S3_SS2_B1_R1_C1,Main Cabinet 1
Room,U12_S3_SS2_B2_R1,U12_S3_SS2_B2_R1_C1,Main Cabinet 1
Room,U12_S3_SS3_B1_R1,U12_S3_SS3_B1_R1_C1,Main Cabinet 1
Room,U12_S3_SS3_B2_R1,U12_S3_SS3_B2_R1_C1,Main Cabinet 1
Room,U12_S3_SS4_B1_R1,U12_S3_SS4_B1_R1_C1,Main Cabinet 1
Room,U12_S3_SS4_B2_R1,U12_S3_SS4_B2_R1_C1,Main Cabinet 1
Room,U12_S3_SS5_B1_R1,U12_S3_SS5_B1_R1_C1,Main Cabinet 1
Room,U12_S3_SS5_B2_R1,U12_S3_SS5_B2_R1_C1,Main Cabinet 1
Room,U12_S4_SS1_B1_R1,U12_S4_SS1_B1_R1_C1,Main Cabinet 1
Room,U12_S4_SS1_B2_R1,U12_S4_SS1_B2_R1_C1,Main Cabinet 1
Room,U12_S4_SS2_B1_R1,U12_S4_SS2_B1_R1_C1,Main Cabinet 1
Room,U12_S4_SS2_B2_R1,U12_S4_SS2_B2_R1_C1,Main Cabinet 1
Room,U12_S4_SS3_B1_R1,U12_S4_SS3_B1_R1_C1,Main Cabinet 1
Room,U12_S4_SS3_B2_R1,U12_S4_SS3_B2_R1_C1,Main Cabinet 1
Room,U12_S4_SS4_B1_R1,U12_S4_SS4_B1_R1_C1,Main Cabinet 1
Room,U12_S4_SS4_B2_R1,U12_S4_SS4_B2_R1_C1,Main Cabinet 1
Room,U12_S4_SS5_B1_R1,U12_S4_SS5_B1_R1_C1,Main Cabinet 1
Room,U12_S4_SS5_B2_R1,U12_S4_SS5_B2_R1_C1,Main Cabinet 1
Room,U12_S5_SS1_B1_R1,U12_S5_SS1_B1_R1_C1,Main Cabinet 1
Room,U12_S5_SS1_B2_R1,U12_S5_SS1_B2_R1_C1,Main Cabinet 1
Room,U12_S5_SS2_B1_R1,U12_S5_SS2_B1_R1_C1,Main Cabinet 1
Room,U12_S5_SS2_B2_R1,U12_S5_SS2_B2_R1_C1,Main Cabinet 1
Room,U12_S5_SS3_B1_R1,U12_S5_SS3_B1_R1_C1,Main Cabinet 1
Room,U12_S5_SS3_B2_R1,U12_S5_SS3_B2_R1_C1,Main Cabinet 1
Room,U12_S5_SS4_B1_R1,U12_S5_SS4_B1_R1_C1,Main Cabinet 1
Room,U12_S5_SS4_B2_R1,U12_S5_SS4_B2_R1_C1,Main Cabinet 1
Room,U12_S5_SS5_B1_R1,U12_S5_SS5_B1_R1_C1,Main Cabinet 1
Room,U12_S5_SS5_B2_R1,U12_S5_SS5_B2_R1_C1,Main Cabinet 1
Room,U13_S1_SS1_B1_R1,U13_S1_SS1_B1_R1_C1,Main Cabinet 1
Room,U13_S1_SS1_B2_R1,U13_S1_SS1_B2_R1_C1,Main Cabinet 1
Room,U13_S1_SS2_B1_R1,U13_S1_SS2_B1_R1_C1,Main Cabinet 1
Room,U13_S1_SS2_B2_R1,U13_S1_SS2_B2_R1_C1,Main Cabinet 1
Room,U13_S1_SS3_B1_R1,U13_S1_SS3_B1_R1_C1,Main Cabinet 1
Room,U13_S1_SS3_B2_R1,U13_S1_SS3_B2_R1_C1,Main Cabinet 1
Room,U13_S1_SS4_B1_R1,U13_S1_SS4_B1_R1_C1,Main Cabinet 1
Room,U13_S1_SS4_B2_R1,U13_S1_SS4_B2_R1_C1,Main Cabinet 1
Room,U13_S1_SS5_B1_R1,U13_S1_SS5_B1_R1_C1,Main Cabinet 1
Room,U13_S1_SS5_B2_R1,U13_S1_SS5_B2_R1_C1,Main Cabinet 1
Room,U13_S2_SS1_B1_R1,U13_S2_SS1_B1_R1_C1,Main Cabinet 1
Room,U13_S2_SS1_B2_R1,U13_S2_SS1_B2_R1_C1,Main Cabinet 1
Room,U13_S2_SS2_B1_R1,U13_S2_SS2_B1_R1_C1,Main Cabinet 1
Room,U13_S2_SS2_B2_R1,U13_S2_SS2_B2_R1_C1,Main Cabinet 1
Room,U13_S2_SS3_B1_R1,U13_S2_SS3_B1_R1_C1,Main Cabinet 1
Room,U13_S2_SS3_B2_R1,U13_S2_SS3_B2_R1_C1,Main Cabinet 1
Room,U13_S2_SS4_B1_R1,U13_S2_SS4_B1_R1_C1,Main Cabinet 1
Room,U13_S2_SS4_B2_R1,U13_S2_SS4_B2_R1_C1,Main Cabinet 1
Room,U13_S2_SS5_B1_R1,U13_S2_SS5_B1_R1_C1,Main Cabinet 1
Room,U13_S2_SS5_B2_R1,U13_S2_SS5_B2_R1_C1,Main Cabinet 1
Room,U13_S3_SS1_B1_R1,U13_S3_SS1_B1_R1_C1,Main Cabinet 1
Room,U13_S3_SS1_B2_R1,U13_S3_SS1_B2_R1_C1,Main Cabinet 1
Room,U13_S3_SS2_B1_R1,U13_S3_SS2_B1_R1_C1,Main Cabinet 1
Room,U13_S3_SS2_B2_R1,U13_S3_SS2_B2_R1_C1,Main Cabinet 1
Room,U13_S3_SS3_B1_R1,U13_S3_SS3_B1_R1_C1,Main Cabinet 1
Room,U13_S3_SS3_B2_R1,U13_S3_SS3_B2_R1_C1,Main Cabinet 1
Room,U13_S3_SS4_B1_R1,U13_S3_SS4_B1_R1_C1,Main Cabinet 1
Room,U13_S3_SS4_B2_R1,U13_S3_SS4_B2_R1_C1,Main Cabinet 1
Room,U13_S3_SS5_B1_R1,U13_S3_SS5_B1_R1_C1,Main Cabinet 1
Room,U13_S3_SS5_B2_R1,U13_S3_SS5_B2_R1_C1,Main Cabinet 1
Room,U13_S4_SS1_B1_R1,U13_S4_SS1_B1_R1_C1,Main Cabinet 1
Room,U13_S4_SS1_B2_R1,U13_S4_SS1_B2_R1_C1,Main Cabinet 1
Room,U13_S4_SS2_B1_R1,U13_S4_SS2_B1_R1_C1,Main Cabinet 1
Room,U13_S4_SS2_B2_R1,U13_S4_SS2_B2_R1_C1,Main Cabinet 1
Room,U13_S4_SS3_B1_R1,U13_S4_SS3_B1_R1_C1,Main Cabinet 1
Room,U13_S4_SS3_B2_R1,U13_S4_SS3_B2_R1_C1,Main Cabinet 1
Room,U13_S4_SS4_B1_R1,U13_S4_SS4_B1_R1_C1,Main Cabinet 1
Room,U13_S4_SS4_B2_R1,U13_S4_SS4_B2_R1_C1,Main Cabinet 1
Room,U13_S4_SS5_B1_R1,U13_S4_SS5_B1_R1_C1,Main Cabinet 1
Room,U13_S4_SS5_B2_R1,U13_S4_SS5_B2_R1_C1,Main Cabinet 1
Room,U13_S5_SS1_B1_R1,U13_S5_SS1_B1_R1_C1,Main Cabinet 1
Room,U13_S5_SS1_B2_R1,U13_S5_SS1_B2_R1_C1,Main Cabinet 1
Room,U13_S5_SS2_B1_R1,U13_S5_SS2_B1_R1_C1,Main Cabinet 1
Room,U13_S5_SS2_B2_R1,U13_S5_SS2_B2_R1_C1,Main Cabinet 1
Room,U13_S5_SS3_B1_R1,U13_S5_SS3_B1_R1_C1,Main Cabinet 1
Room,U13_S5_SS3_B2_R1,U13_S5_SS3_B2_R1_C1,Main Cabinet 1
Room,U13_S5_SS4_B1_R1,U13_S5_SS4_B1_R1_C1,Main Cabinet 1
Room,U13_S5_SS4_B2_R1,U13_S5_SS4_B2_R1_C1,Main Cabinet 1
Room,U13_S5_SS5_B1_R1,U13_S5_SS5_B1_R1_C1,Main Cabinet 1
Room,U13_S5_SS5_B2_R1,U13_S5_SS5_B2_R1_C1,Main Cabinet 1
Room,U14_S1_SS1_B1_R1,U14_S1_SS1_B1_R1_C1,Main Cabinet 1
Room,U14_S1_SS1_B2_R1,U14_S1_SS1_B2_R1_C1,Main Cabinet 1
Room,U14_S1_SS2_B1_R1,U14_S1_SS2_B1_R1_C1,Main Cabinet 1
Room,U14_S1_SS2_B2_R1,U14_S1_SS2_B2_R1_C1,Main Cabinet 1
Room,U14_S1_SS3_B1_R1,U14_S1_SS3_B1_R1_C1,Main Cabinet 1
Room,U14_S1_SS3_B2_R1,U14_S1_SS3_B2_R1_C1,Main Cabinet 1
Room,U14_S1_SS4_B1_R1,U14_S1_SS4_B1_R1_C1,Main Cabinet 1
Room,U14_S1_SS4_B2_R1,U14_S1_SS4_B2_R1_C1,Main Cabinet 1
Room,U14_S1_SS5_B1_R1,U14_S1_SS5_B1_R1_C1,Main Cabinet 1
Room,U14_S1_SS5_B2_R1,U14_S1_SS5_B2_R1_C1,Main Cabinet 1
Room,U14_S2_SS1_B1_R1,U14_S2_SS1_B1_R1_C1,Main Cabinet 1
Room,U14_S2_SS1_B2_R1,U14_S2_SS1_B2_R1_C1,Main Cabinet 1
Room,U14_S2_SS2_B1_R1,U14_S2_SS2_B1_R1_C1,Main Cabinet 1
Room,U14_S2_SS2_B2_R1,U14_S2_SS2_B2_R1_C1,Main Cabinet 1
Room,U14_S2_SS3_B1_R1,U14_S2_SS3_B1_R1_C1,Main Cabinet 1
Room,U14_S2_SS3_B2_R1,U14_S2_SS3_B2_R1_C1,Main Cabinet 1
Room,U14_S2_SS4_B1_R1,U14_S2_SS4_B1_R1_C1,Main Cabinet 1
Room,U14_S2_SS4_B2_R1,U14_S2_SS4_B2_R1_C1,Main Cabinet 1
Room,U14_S2_SS5_B1_R1,U14_S2_SS5_B1_R1_C1,Main Cabinet 1
Room,U14_S2_SS5_B2_R1,U14_S2_SS5_B2_R1_C1,Main Cabinet 1
Room,U14_S3_SS1_B1_R1,U14_S3_SS1_B1_R1_C1,Main Cabinet 1
Room,U14_S3_SS1_B2_R1,U14_S3_SS1_B2_R1_C1,Main Cabinet 1
Room,U14_S3_SS2_B1_R1,U14_S3_SS2_B1_R1_C1,Main Cabinet 1
Room,U14_S3_SS2_B2_R1,U14_S3_SS2_B2_R1_C1,Main Cabinet 1
Room,U14_S3_SS3_B1_R1,U14_S3_SS3_B1_R1_C1,Main Cabinet 1
Room,U14_S3_SS3_B2_R1,U14_S3_SS3_B2_R1_C1,Main Cabinet 1
Room,U14_S3_SS4_B1_R1,U14_S3_SS4_B1_R1_C1,Main Cabinet 1
Room,U14_S3_SS4_B2_R1,U14_S3_SS4_B2_R1_C1,Main Cabinet 1
Room,U14_S3_SS5_B1_R1,U14_S3_SS5_B1_R1_C1,Main Cabinet 1
Room,U14_S3_SS5_B2_R1,U14_S3_SS5_B2_R1_C1,Main Cabinet 1
Room,U14_S4_SS1_B1_R1,U14_S4_SS1_B1_R1_C1,Main Cabinet 1
Room,U14_S4_SS1_B2_R1,U14_S4_SS1_B2_R1_C1,Main Cabinet 1
Room,U14_S4_SS2_B1_R1,U14_S4_SS2_B1_R1_C1,Main Cabinet 1
Room,U14_S4_SS2_B2_R1,U14_S4_SS2_B2_R1_C1,Main Cabinet 1
Room,U14_S4_SS3_B1_R1,U14_S4_SS3_B1_R1_C1,Main Cabinet 1
Room,U14_S4_SS3_B2_R1,U14_S4_SS3_B2_R1_C1,Main Cabinet 1
Room,U14_S4_SS4_B1_R1,U14_S4_SS4_B1_R1_C1,Main Cabinet 1
Room,U14_S4_SS4_B2_R1,U14_S4_SS4_B2_R1_C1,Main Cabinet 1
Room,U14_S4_SS5_B1_R1,U14_S4_SS5_B1_R1_C1,Main Cabinet 1
Room,U14_S4_SS5_B2_R1,U14_S4_SS5_B2_R1_C1,Main Cabinet 1
Room,U14_S5_SS1_B1_R1,U14_S5_SS1_B1_R1_C1,Main Cabinet 1
Room,U14_S5_SS1_B2_R1,U14_S5_SS1_B2_R1_C1,Main Cabinet 1
Room,U14_S5_SS2_B1_R1,U14_S5_SS2_B1_R1_C1,Main Cabinet 1
Room,U14_S5_SS2_B2_R1,U14_S5_SS2_B2_R1_C1,Main Cabinet 1
Room,U14_S5_SS3_B1_R1,U14_S5_SS3_B1_R1_C1,Main Cabinet 1
Room,U14_S5_SS3_B2_R1,U14_S5_SS3_B2_R1_C1,Main Cabinet 1
Room,U14_S5_SS4_B1_R1,U14_S5_SS4_B1_R1_C1,Main Cabinet 1
Room,U14_S5_SS4_B2_R1,U14_S5_SS4_B2_R1_C1,Main Cabinet 1
Room,U14_S5_SS5_B1_R1,U14_S5_SS5_B1_R1_C1,Main Cabinet 1
Room,U14_S5_SS5_B2_R1,U14_S5_SS5_B2_R1_C1,Main Cabinet 1
Room,U15_S1_SS1_B1_R1,U15_S1_SS1_B1_R1_C1,Main Cabinet 1
Room,U15_S1_SS1_B2_R1,U15_S1_SS1_B2_R1_C1,Main Cabinet 1
Room,U15_S1_SS2_B1_R1,U15_S1_SS2_B1_R1_C1,Main Cabinet 1
Room,U15_S1_SS2_B2_R1,U15_S1_SS2_B2_R1_C1,Main Cabinet 1
Room,U15_S1_SS3_B1_R1,U15_S1_SS3_B1_R1_C1,Main Cabinet 1
Room,U15_S1_SS3_B2_R1,U15_S1_SS3_B2_R1_C1,Main Cabinet 1
Room,U15_S1_SS4_B1_R1,U15_S1_SS4_B1_R1_C1,Main Cabinet 1
Room,U15_S1_SS4_B2_R1,U15_S1_SS4_B2_R1_C1,Main Cabinet 1
Room,U15_S1_SS5_B1_R1,U15_S1_SS5_B1_R1_C1,Main Cabinet 1
Room,U15_S1_SS5_B2_R1,U15_S1_SS5_B2_R1_C1,Main Cabinet 1
Room,U15_S2_SS1_B1_R1,U15_S2_SS1_B1_R1_C1,Main Cabinet 1
Room,U15_S2_SS1_B2_R1,U15_S2_SS1_B2_R1_C1,Main Cabinet 1
Room,U15_S2_SS2_B1_R1,U15_S2_SS2_B1_R1_C1,Main Cabinet 1
Room,U15_S2_SS2_B2_R1,U15_S2_SS2_B2_R1_C1,Main Cabinet 1
Room,U15_S2_SS3_B1_R1,U15_S2_SS3_B1_R1_C1,Main Cabinet 1
Room,U15_S2_SS3_B2_R1,U15_S2_SS3_B2_R1_C1,Main Cabinet 1
Room,U15_S2_SS4_B1_R1,U15_S2_SS4_B1_R1_C1,Main Cabinet 1
Room,U15_S2_SS4_B2_R1,U15_S2_SS4_B2_R1_C1,Main Cabinet 1
Room,U15_S2_SS5_B1_R1,U15_S2_SS5_B1_R1_C1,Main Cabinet 1
Room,U15_S2_SS5_B2_R1,U15_S2_SS5_B2_R1_C1,Main Cabinet 1
Room,U15_S3_SS1_B1_R1,U15_S3_SS1_B1_R1_C1,Main Cabinet 1
Room,U15_S3_SS1_B2_R1,U15_S3_SS1_B2_R1_C1,Main Cabinet 1
Room,U15_S3_SS2_B1_R1,U15_S3_SS2_B1_R1_C1,Main Cabinet 1
Room,U15_S3_SS2_B2_R1,U15_S3_SS2_B2_R1_C1,Main Cabinet 1
Room,U15_S3_SS3_B1_R1,U15_S3_SS3_B1_R1_C1,Main Cabinet 1
Room,U15_S3_SS3_B2_R1,U15_S3_SS3_B2_R1_C1,Main Cabinet 1
Room,U15_S3_SS4_B1_R1,U15_S3_SS4_B1_R1_C1,Main Cabinet 1
Room,U15_S3_SS4_B2_R1,U15_S3_SS4_B2_R1_C1,Main Cabinet 1
Room,U15_S3_SS5_B1_R1,U15_S3_SS5_B1_R1_C1,Main Cabinet 1
Room,U15_S3_SS5_B2_R1,U15_S3_SS5_B2_R1_C1,Main Cabinet 1
Room,U15_S4_SS1_B1_R1,U15_S4_SS1_B1_R1_C1,Main Cabinet 1
Room,U15_S4_SS1_B2_R1,U15_S4_SS1_B2_R1_C1,Main Cabinet 1
Room,U15_S4_SS2_B1_R1,U15_S4_SS2_B1_R1_C1,Main Cabinet 1
Room,U15_S4_SS2_B2_R1,U15_S4_SS2_B2_R1_C1,Main Cabinet 1
Room,U15_S4_SS3_B1_R1,U15_S4_SS3_B1_R1_C1,Main Cabinet 1
Room,U15_S4_SS3_B2_R1,U15_S4_SS3_B2_R1_C1,Main Cabinet 1
Room,U15_S4_SS4_B1_R1,U15_S4_SS4_B1_R1_C1,Main Cabinet 1
Room,U15_S4_SS4_B2_R1,U15_S4_SS4_B2_R1_C1,Main Cabinet 1
Room,U15_S4_SS5_B1_R1,U15_S4_SS5_B1_R1_C1,Main Cabinet 1
Room,U15_S4_SS5_B2_R1,U15_S4_SS5_B2_R1_C1,Main Cabinet 1
Room,U15_S5_SS1_B1_R1,U15_S5_SS1_B1_R1_C1,Main Cabinet 1
Room,U15_S5_SS1_B2_R1,U15_S5_SS1_B2_R1_C1,Main Cabinet 1
Room,U15_S5_SS2_B1_R1,U15_S5_SS2_B1_R1_C1,Main Cabinet 1
Room,U15_S5_SS2_B2_R1,U15_S5_SS2_B2_R1_C1,Main Cabinet 1
Room,U15_S5_SS3_B1_R1,U15_S5_SS3_B1_R1_C1,Main Cabinet 1
Room,U15_S5_SS3_B2_R1,U15_S5_SS3_B2_R1_C1,Main Cabinet 1
Room,U15_S5_SS4_B1_R1,U15_S5_SS4_B1_R1_C1,Main Cabinet 1
Room,U15_S5_SS4_B2_R1,U15_S5_SS4_B2_R1_C1,Main Cabinet 1
Room,U15_S5_SS5_B1_R1,U15_S5_SS5_B1_R1_C1,Main Cabinet 1
Room,U15_S5_SS5_B2_R1,U15_S5_SS5_B2_R1_C1,Main Cabinet 1
Room,U21_S1_SS1_B1_R1,U21_S1_SS1_B1_R1_C1,Main Cabinet 1
Room,U21_S1_SS1_B2_R1,U21_S1_SS1_B2_R1_C1,Main Cabinet 1
Room,U21_S1_SS2_B1_R1,U21_S1_SS2_B1_R1_C1,Main Cabinet 1
Room,U21_S1_SS2_B2_R1,U21_S1_SS2_B2_R1_C1,Main Cabinet 1
Room,U21_S1_SS3_B1_R1,U21_S1_SS3_B1_R1_C1,Main Cabinet 1
Room,U21_S1_SS3_B2_R1,U21_S1_SS3_B2_R1_C1,Main Cabinet 1
Room,U21_S1_SS4_B1_R1,U21_S1_SS4_B1_R1_C1,Main Cabinet 1
Room,U21_S1_SS4_B2_R1,U21_S1_SS4_B2_R1_C1,Main Cabinet 1
Room,U21_S1_SS5_B1_R1,U21_S1_SS5_B1_R1_C1,Main Cabinet 1
Room,U21_S1_SS5_B2_R1,U21_S1_SS5_B2_R1_C1,Main Cabinet 1
Room,U21_S2_SS1_B1_R1,U21_S2_SS1_B1_R1_C1,Main Cabinet 1
Room,U21_S2_SS1_B2_R1,U21_S2_SS1_B2_R1_C1,Main Cabinet 1
Room,U21_S2_SS2_B1_R1,U21_S2_SS2_B1_R1_C1,Main Cabinet 1
Room,U21_S2_SS2_B2_R1,U21_S2_SS2_B2_R1_C1,Main Cabinet 1
Room,U21_S2_SS3_B1_R1,U21_S2_SS3_B1_R1_C1,Main Cabinet 1
Room,U21_S2_SS3_B2_R1,U21_S2_SS3_B2_R1_C1,Main Cabinet 1
Room,U21_S2_SS4_B1_R1,U21_S2_SS4_B1_R1_C1,Main Cabinet 1
Room,U21_S2_SS4_B2_R1,U21_S2_SS4_B2_R1_C1,Main Cabinet 1
Room,U21_S2_SS5_B1_R1,U21_S2_SS5_B1_R1_C1,Main Cabinet 1
Room,U21_S2_SS5_B2_R1,U21_S2_SS5_B2_R1_C1,Main Cabinet 1
Room,U21_S3_SS1_B1_R1,U21_S3_SS1_B1_R1_C1,Main Cabinet 1
Room,U21_S3_SS1_B2_R1,U21_S3_SS1_B2_R1_C1,Main Cabinet 1
Room,U21_S3_SS2_B1_R1,U21_S3_SS2_B1_R1_C1,Main Cabinet 1
Room,U21_S3_SS2_B2_R1,U21_S3_SS2_B2_R1_C1,Main Cabinet 1
Room,U21_S3_SS3_B1_R1,U21_S3_SS3_B1_R1_C1,Main Cabinet 1
Room,U21_S3_SS3_B2_R1,U21_S3_SS3_B2_R1_C1,Main Cabinet 1
Room,U21_S3_SS4_B1_R1,U21_S3_SS4_B1_R1_C1,Main Cabinet 1
Room,U21_S3_SS4_B2_R1,U21_S3_SS4_B2_R1_C1,Main Cabinet 1
Room,U21_S3_SS5_B1_R1,U21_S3_SS5_B1_R1_C1,Main Cabinet 1
Room,U21_S3_SS5_B2_R1,U21_S3_SS5_B2_R1_C1,Main Cabinet 1
Room,U21_S4_SS1_B1_R1,U21_S4_SS1_B1_R1_C1,Main Cabinet 1
Room,U21_S4_SS1_B2_R1,U21_S4_SS1_B2_R1_C1,Main Cabinet 1
Room,U21_S4_SS2_B1_R1,U21_S4_SS2_B1_R1_C1,Main Cabinet 1
Room,U21_S4_SS2_B2_R1,U21_S4_SS2_B2_R1_C1,Main Cabinet 1
Room,U21_S4_SS3_B1_R1,U21_S4_SS3_B1_R1_C1,Main Cabinet 1
Room,U21_S4_SS3_B2_R1,U21_S4_SS3_B2_R1_C1,Main Cabinet 1
Room,U21_S4_SS4_B1_R1,U21_S4_SS4_B1_R1_C1,Main Cabinet 1
Room,U21_S4_SS4_B2_R1,U21_S4_SS4_B2_R1_C1,Main Cabinet 1
Room,U21_S4_SS5_B1_R1,U21_S4_SS5_B1_R1_C1,Main Cabinet 1
Room,U21_S4_SS5_B2_R1,U21_S4_SS5_B2_R1_C1,Main Cabinet 1
Room,U21_S5_SS1_B1_R1,U21_S5_SS1_B1_R1_C1,Main Cabinet 1
Room,U21_S5_SS1_B2_R1,U21_S5_SS1_B2_R1_C1,Main Cabinet 1
Room,U21_S5_SS2_B1_R1,U21_S5_SS2_B1_R1_C1,Main Cabinet 1
Room,U21_S5_SS2_B2_R1,U21_S5_SS2_B2_R1_C1,Main Cabinet 1
Room,U21_S5_SS3_B1_R1,U21_S5_SS3_B1_R1_C1,Main Cabinet 1
Room,U21_S5_SS3_B2_R1,U21_S5_SS3_B2_R1_C1,Main Cabinet 1
Room,U21_S5_SS4_B1_R1,U21_S5_SS4_B1_R1_C1,Main Cabinet 1
Room,U21_S5_SS4_B2_R1,U21_S5_SS4_B2_R1_C1,Main Cabinet 1
Room,U21_S5_SS5_B1_R1,U21_S5_SS5_B1_R1_C1,Main Cabinet 1
Room,U21_S5_SS5_B2_R1,U21_S5_SS5_B2_R1_C1,Main Cabinet 1
Room,U22_S1_SS1_B1_R1,U22_S1_SS1_B1_R1_C1,Main Cabinet 1
Room,U22_S1_SS1_B2_R1,U22_S1_SS1_B2_R1_C1,Main Cabinet 1
Room,U22_S1_SS2_B1_R1,U22_S1_SS2_B1_R1_C1,Main Cabinet 1
Room,U22_S1_SS2_B2_R1,U22_S1_SS2_B2_R1_C1,Main Cabinet 1
Room,U22_S1_SS3_B1_R1,U22_S1_SS3_B1_R1_C1,Main Cabinet 1
Room,U22_S1_SS3_B2_R1,U22_S1_SS3_B2_R1_C1,Main Cabinet 1
Room,U22_S1_SS4_B1_R1,U22_S1_SS4_B1_R1_C1,Main Cabinet 1
Room,U22_S1_SS4_B2_R1,U22_S1_SS4_B2_R1_C1,Main Cabinet 1
Room,U22_S1_SS5_B1_R1,U22_S1_SS5_B1_R1_C1,Main Cabinet 1
Room,U22_S1_SS5_B2_R1,U22_S1_SS5_B2_R1_C1,Main Cabinet 1
Room,U22_S2_SS1_B1_R1,U22_S2_SS1_B1_R1_C1,Main Cabinet 1
Room,U22_S2_SS1_B2_R1,U22_S2_SS1_B2_R1_C1,Main Cabinet 1
Room,U22_S2_SS2_B1_R1,U22_S2_SS2_B1_R1_C1,Main Cabinet 1
Room,U22_S2_SS2_B2_R1,U22_S2_SS2_B2_R1_C1,Main Cabinet 1
Room,U22_S2_SS3_B1_R1,U22_S2_SS3_B1_R1_C1,Main Cabinet 1
Room,U22_S2_SS3_B2_R1,U22_S2_SS3_B2_R1_C1,Main Cabinet 1
Room,U22_S2_SS4_B1_R1,U22_S2_SS4_B1_R1_C1,Main Cabinet 1
Room,U22_S2_SS4_B2_R1,U22_S2_SS4_B2_R1_C1,Main Cabinet 1
Room,U22_S2_SS5_B1_R1,U22_S2_SS5_B1_R1_C1,Main Cabinet 1
Room,U22_S2_SS5_B2_R1,U22_S2_SS5_B2_R1_C1,Main Cabinet 1
Room,U22_S3_SS1_B1_R1,U22_S3_SS1_B1_R1_C1,Main Cabinet 1
Room,U22_S3_SS1_B2_R1,U22_S3_SS1_B2_R1_C1,Main Cabinet 1
Room,U22_S3_SS2_B1_R1,U22_S3_SS2_B1_R1_C1,Main Cabinet 1
Room,U22_S3_SS2_B2_R1,U22_S3_SS2_B2_R1_C1,Main Cabinet 1
Room,U22_S3_SS3_B1_R1,U22_S3_SS3_B1_R1_C1,Main Cabinet 1
Room,U22_S3_SS3_B2_R1,U22_S3_SS3_B2_R1_C1,Main Cabinet 1
Room,U22_S3_SS4_B1_R1,U22_S3_SS4_B1_R1_C1,Main Cabinet 1
Room,U22_S3_SS4_B2_R1,U22_S3_SS4_B2_R1_C1,Main Cabinet 1
Room,U22_S3_SS5_B1_R1,U22_S3_SS5_B1_R1_C1,Main Cabinet 1
Room,U22_S3_SS5_B2_R1,U22_S3_SS5_B2_R1_C1,Main Cabinet 1
Room,U22_S4_SS1_B1_R1,U22_S4_SS1_B1_R1_C1,Main Cabinet 1
Room,U22_S4_SS1_B2_R1,U22_S4_SS1_B2_R1_C1,Main Cabinet 1
Room,U22_S4_SS2_B1_R1,U22_S4_SS2_B1_R1_C1,Main Cabinet 1
Room,U22_S4_SS2_B2_R1,U22_S4_SS2_B2_R1_C1,Main Cabinet 1
Room,U22_S4_SS3_B1_R1,U22_S4_SS3_B1_R1_C1,Main Cabinet 1
Room,U22_S4_SS3_B2_R1,U22_S4_SS3_B2_R1_C1,Main Cabinet 1
Room,U22_S4_SS4_B1_R1,U22_S4_SS4_B1_R1_C1,Main Cabinet 1
Room,U22_S4_SS4_B2_R1,U22_S4_SS4_B2_R1_C1,Main Cabinet 1
Room,U22_S4_SS5_B1_R1,U22_S4_SS5_B1_R1_C1,Main Cabinet 1
Room,U22_S4_SS5_B2_R1,U22_S4_SS5_B2_R1_C1,Main Cabinet 1
Room,U22_S5_SS1_B1_R1,U22_S5_SS1_B1_R1_C1,Main Cabinet 1
Room,U22_S5_SS1_B2_R1,U22_S5_SS1_B2_R1_C1,Main Cabinet 1
Room,U22_S5_SS2_B1_R1,U22_S5_SS2_B1_R1_C1,Main Cabinet 1
Room,U22_S5_SS2_B2_R1,U22_S5_SS2_B2_R1_C1,Main Cabinet 1
Room,U22_S5_SS3_B1_R1,U22_S5_SS3_B1_R1_C1,Main Cabinet 1
Room,U22_S5_SS3_B2_R1,U22_S5_SS3_B2_R1_C1,Main Cabinet 1
Room,U22_S5_SS4_B1_R1,U22_S5_SS4_B1_R1_C1,Main Cabinet 1
Room,U22_S5_SS4_B2_R1,U22_S5_SS4_B2_R1_C1,Main Cabinet 1
Room,U22_S5_SS5_B1_R1,U22_S5_SS5_B1_R1_C1,Main Cabinet 1
Room,U22_S5_SS5_B2_R1,U22_S5_SS5_B2_R1_C1,Main Cabinet 1
Room,U23_S1_SS1_B1_R1,U23_S1_SS1_B1_R1_C1,Main Cabinet 1
Room,U23_S1_SS1_B2_R1,U23_S1_SS1_B2_R1_C1,Main Cabinet 1
Room,U23_S1_SS2_B1_R1,U23_S1_SS2_B1_R1_C1,Main Cabinet 1
Room,U23_S1_SS2_B2_R1,U23_S1_SS2_B2_R1_C1,Main Cabinet 1
Room,U23_S1_SS3_B1_R1,U23_S1_SS3_B1_R1_C1,Main Cabinet 1
Room,U23_S1_SS3_B2_R1,U23_S1_SS3_B2_R1_C1,Main Cabinet 1
Room,U23_S1_SS4_B1_R1,U23_S1_SS4_B1_R1_C1,Main Cabinet 1
Room,U23_S1_SS4_B2_R1,U23_S1_SS4_B2_R1_C1,Main Cabinet 1
Room,U23_S1_SS5_B1_R1,U23_S1_SS5_B1_R1_C1,Main Cabinet 1
Room,U23_S1_SS5_B2_R1,U23_S1_SS5_B2_R1_C1,Main Cabinet 1
Room,U23_S2_SS1_B1_R1,U23_S2_SS1_B1_R1_C1,Main Cabinet 1
Room,U23_S2_SS1_B2_R1,U23_S2_SS1_B2_R1_C1,Main Cabinet 1
Room,U23_S2_SS2_B1_R1,U23_S2_SS2_B1_R1_C1,Main Cabinet 1
Room,U23_S2_SS2_B2_R1,U23_S2_SS2_B2_R1_C1,Main Cabinet 1
Room,U23_S2_SS3_B1_R1,U23_S2_SS3_B1_R1_C1,Main Cabinet 1
Room,U23_S2_SS3_B2_R1,U23_S2_SS3_B2_R1_C1,Main Cabinet 1
Room,U23_S2_SS4_B1_R1,U23_S2_SS4_B1_R1_C1,Main Cabinet 1
Room,U23_S2_SS4_B2_R1,U23_S2_SS4_B2_R1_C1,Main Cabinet 1
Room,U23_S2_SS5_B1_R1,U23_S2_SS5_B1_R1_C1,Main Cabinet 1
Room,U23_S2_SS5_B2_R1,U23_S2_SS5_B2_R1_C1,Main Cabinet 1
Room,U23_S3_SS1_B1_R1,U23_S3_SS1_B1_R1_C1,Main Cabinet 1
Room,U23_S3_SS1_B2_R1,U23_S3_SS1_B2_R1_C1,Main Cabinet 1
Room,U23_S3_SS2_B1_R1,U23_S3_SS2_B1_R1_C1,Main Cabinet 1
Room,U23_S3_SS2_B2_R1,U23_S3_SS2_B2_R1_C1,Main Cabinet 1
Room,U23_S3_SS3_B1_R1,U23_S3_SS3_B1_R1_C1,Main Cabinet 1
Room,U23_S3_SS3_B2_R1,U23_S3_SS3_B2_R1_C1,Main Cabinet 1
Room,U23_S3_SS4_B1_R1,U23_S3_SS4_B1_R1_C1,Main Cabinet 1
Room,U23_S3_SS4_B2_R1,U23_S3_SS4_B2_R1_C1,Main Cabinet 1
Room,U23_S3_SS5_B1_R1,U23_S3_SS5_B1_R1_C1,Main Cabinet 1
Room,U23_S3_SS5_B2_R1,U23_S3_SS5_B2_R1_C1,Main Cabinet 1
Room,U23_S4_SS1_B1_R1,U23_S4_SS1_B1_R1_C1,Main Cabinet 1
Room,U23_S4_SS1_B2_R1,U23_S4_SS1_B2_R1_C1,Main Cabinet 1
Room,U23_S4_SS2_B1_R1,U23_S4_SS2_B1_R1_C1,Main Cabinet 1
Room,U23_S4_SS2_B2_R1,U23_S4_SS2_B2_R1_C1,Main Cabinet 1
Room,U23_S4_SS3_B1_R1,U23_S4_SS3_B1_R1_C1,Main Cabinet 1
Room,U23_S4_SS3_B2_R1,U23_S4_SS3_B2_R1_C1,Main Cabinet 1
Room,U23_S4_SS4_B1_R1,U23_S4_SS4_B1_R1_C1,Main Cabinet 1
Room,U23_S4_SS4_B2_R1,U23_S4_SS4_B2_R1_C1,Main Cabinet 1
Room,U23_S4_SS5_B1_R1,U23_S4_SS5_B1_R1_C1,Main Cabinet 1
Room,U23_S4_SS5_B2_R1,U23_S4_SS5_B2_R1_C1,Main Cabinet 1
Room,U23_S5_SS1_B1_R1,U23_S5_SS1_B1_R1_C1,Main Cabinet 1
Room,U23_S5_SS1_B2_R1,U23_S5_SS1_B2_R1_C1,Main Cabinet 1
Room,U23_S5_SS2_B1_R1,U23_S5_SS2_B1_R1_C1,Main Cabinet 1
Room,U23_S5_SS2_B2_R1,U23_S5_SS2_B2_R1_C1,Main Cabinet 1
Room,U23_S5_SS3_B1_R1,U23_S5_SS3_B1_R1_C1,Main Cabinet 1
Room,U23_S5_SS3_B2_R1,U23_S5_SS3_B2_R1_C1,Main Cabinet 1
Room,U23_S5_SS4_B1_R1,U23_S5_SS4_B1_R1_C1,Main Cabinet 1
Room,U23_S5_SS4_B2_R1,U23_S5_SS4_B2_R1_C1,Main Cabinet 1
Room,U23_S5_SS5_B1_R1,U23_S5_SS5_B1_R1_C1,Main Cabinet 1
Room,U23_S5_SS5_B2_R1,U23_S5_SS5_B2_R1_C1,Main Cabinet 1
Room,U24_S1_SS1_B1_R1,U24_S1_SS1_B1_R1_C1,Main Cabinet 1
Room,U24_S1_SS1_B2_R1,U24_S1_SS1_B2_R1_C1,Main Cabinet 1
Room,U24_S1_SS2_B1_R1,U24_S1_SS2_B1_R1_C1,Main Cabinet 1
Room,U24_S1_SS2_B2_R1,U24_S1_SS2_B2_R1_C1,Main Cabinet 1
Room,U24_S1_SS3_B1_R1,U24_S1_SS3_B1_R1_C1,Main Cabinet 1
Room,U24_S1_SS3_B2_R1,U24_S1_SS3_B2_R1_C1,Main Cabinet 1
Room,U24_S1_SS4_B1_R1,U24_S1_SS4_B1_R1_C1,Main Cabinet 1
Room,U24_S1_SS4_B2_R1,U24_S1_SS4_B2_R1_C1,Main Cabinet 1
Room,U24_S1_SS5_B1_R1,U24_S1_SS5_B1_R1_C1,Main Cabinet 1
Room,U24_S1_SS5_B2_R1,U24_S1_SS5_B2_R1_C1,Main Cabinet 1
Room,U24_S2_SS1_B1_R1,U24_S2_SS1_B1_R1_C1,Main Cabinet 1
Room,U24_S2_SS1_B2_R1,U24_S2_SS1_B2_R1_C1,Main Cabinet 1
Room,U24_S2_SS2_B1_R1,U24_S2_SS2_B1_R1_C1,Main Cabinet 1
Room,U24_S2_SS2_B2_R1,U24_S2_SS2_B2_R1_C1,Main Cabinet 1
Room,U24_S2_SS3_B1_R1,U24_S2_SS3_B1_R1_C1,Main Cabinet 1
Room,U24_S2_SS3_B2_R1,U24_S2_SS3_B2_R1_C1,Main Cabinet 1
Room,U24_S2_SS4_B1_R1,U24_S2_SS4_B1_R1_C1,Main Cabinet 1
Room,U24_S2_SS4_B2_R1,U24_S2_SS4_B2_R1_C1,Main Cabinet 1
Room,U24_S2_SS5_B1_R1,U24_S2_SS5_B1_R1_C1,Main Cabinet 1
Room,U24_S2_SS5_B2_R1,U24_S2_SS5_B2_R1_C1,Main Cabinet 1
Room,U24_S3_SS1_B1_R1,U24_S3_SS1_B1_R1_C1,Main Cabinet 1
Room,U24_S3_SS1_B2_R1,U24_S3_SS1_B2_R1_C1,Main Cabinet 1
Room,U24_S3_SS2_B1_R1,U24_S3_SS2_B1_R1_C1,Main Cabinet 1
Room,U24_S3_SS2_B2_R1,U24_S3_SS2_B2_R1_C1,Main Cabinet 1
Room,U24_S3_SS3_B1_R1,U24_S3_SS3_B1_R1_C1,Main Cabinet 1
Room,U24_S3_SS3_B2_R1,U24_S3_SS3_B2_R1_C1,Main Cabinet 1
Room,U24_S3_SS4_B1_R1,U24_S3_SS4_B1_R1_C1,Main Cabinet 1
Room,U24_S3_SS4_B2_R1,U24_S3_SS4_B2_R1_C1,Main Cabinet 1
Room,U24_S3_SS5_B1_R1,U24_S3_SS5_B1_R1_C1,Main Cabinet 1
Room,U24_S3_SS5_B2_R1,U24_S3_SS5_B2_R1_C1,Main Cabinet 1
Room,U24_S4_SS1_B1_R1,U24_S4_SS1_B1_R1_C1,Main Cabinet 1
Room,U24_S4_SS1_B2_R1,U24_S4_SS1_B2_R1_C1,Main Cabinet 1
Room,U24_S4_SS2_B1_R1,U24_S4_SS2_B1_R1_C1,Main Cabinet 1
Room,U24_S4_SS2_B2_R1,U24_S4_SS2_B2_R1_C1,Main Cabinet 1
Room,U24_S4_SS3_B1_R1,U24_S4_SS3_B1_R1_C1,Main Cabinet 1
Room,U24_S4_SS3_B2_R1,U24_S4_SS3_B2_R1_C1,Main Cabinet 1
Room,U24_S4_SS4_B1_R1,U24_S4_SS4_B1_R1_C1,Main Cabinet 1
Room,U24_S4_SS4_B2_R1,U24_S4_SS4_B2_R1_C1,Main Cabinet 1
Room,U24_S4_SS5_B1_R1,U24_S4_SS5_B1_R1_C1,Main Cabinet 1
Room,U24_S4_SS5_B2_R1,U24_S4_SS5_B2_R1_C1,Main Cabinet 1
Room,U24_S5_SS1_B1_R1,U24_S5_SS1_B1_R1_C1,Main Cabinet 1
Room,U24_S5_SS1_B2_R1,U24_S5_SS1_B2_R1_C1,Main Cabinet 1
Room,U24_S5_SS2_B1_R1,U24_S5_SS2_B1_R1_C1,Main Cabinet 1
Room,U24_S5_SS2_B2_R1,U24_S5_SS2_B2_R1_C1,Main Cabinet 1
Room,U24_S5_SS3_B1_R1,U24_S5_SS3_B1_R1_C1,Main Cabinet 1
Room,U24_S5_SS3_B2_R1,U24_S5_SS3_B2_R1_C1,Main Cabinet 1
Room,U24_S5_SS4_B1_R1,U24_S5_SS4_B1_R1_C1,Main Cabinet 1
Room,U24_S5_SS4_B2_R1,U24_S5_SS4_B2_R1_C1,Main Cabinet 1
Room,U24_S5_SS5_B1_R1,U24_S5_SS5_B1_R1_C1,Main Cabinet 1
Room,U24_S5_SS5_B2_R1,U24_S5_SS5_B2_R1_C1,Main Cabinet 1
Room,U25_S1_SS1_B1_R1,U25_S1_SS1_B1_R1_C1,Main Cabinet 1
Room,U25_S1_SS1_B2_R1,U25_S1_SS1_B2_R1_C1,Main Cabinet 1
Room,U25_S1_SS2_B1_R1,U25_S1_SS2_B1_R1_C1,Main Cabinet 1
Room,U25_S1_SS2_B2_R1,U25_S1_SS2_B2_R1_C1,Main Cabinet 1
Room,U25_S1_SS3_B1_R1,U25_S1_SS3_B1_R1_C1,Main Cabinet 1
Room,U25_S1_SS3_B2_R1,U25_S1_SS3_B2_R1_C1,Main Cabinet 1
Room,U25_S1_SS4_B1_R1,U25_S1_SS4_B1_R1_C1,Main Cabinet 1
Room,U25_S1_SS4_B2_R1,U25_S1_SS4_B2_R1_C1,Main Cabinet 1
Room,U25_S1_SS5_B1_R1,U25_S1_SS5_B1_R1_C1,Main Cabinet 1
Room,U25_S1_SS5_B2_R1,U25_S1_SS5_B2_R1_C1,Main Cabinet 1
Room,U25_S2_SS1_B1_R1,U25_S2_SS1_B1_R1_C1,Main Cabinet 1
Room,U25_S2_SS1_B2_R1,U25_S2_SS1_B2_R1_C1,Main Cabinet 1
Room,U25_S2_SS2_B1_R1,U25_S2_SS2_B1_R1_C1,Main Cabinet 1
Room,U25_S2_SS2_B2_R1,U25_S2_SS2_B2_R1_C1,Main Cabinet 1
Room,U25_S2_SS3_B1_R1,U25_S2_SS3_B1_R1_C1,Main Cabinet 1
Room,U25_S2_SS3_B2_R1,U25_S2_SS3_B2_R1_C1,Main Cabinet 1
Room,U25_S2_SS4_B1_R1,U25_S2_SS4_B1_R1_C1,Main Cabinet 1
Room,U25_S2_SS4_B2_R1,U25_S2_SS4_B2_R1_C1,Main Cabinet 1
Room,U25_S2_SS5_B1_R1,U25_S2_SS5_B1_R1_C1,Main Cabinet 1
Room,U25_S2_SS5_B2_R1,U25_S2_SS5_B2_R1_C1,Main Cabinet 1
Room,U25_S3_SS1_B1_R1,U25_S3_SS1_B1_R1_C1,Main Cabinet 1
Room,U25_S3_SS1_B2_R1,U25_S3_SS1_B2_R1_C1,Main Cabinet 1
Room,U25_S3_SS2_B1_R1,U25_S3_SS2_B1_R1_C1,Main Cabinet 1
Room,U25_S3_SS2_B2_R1,U25_S3_SS2_B2_R1_C1,Main Cabinet 1
Room,U25_S3_SS3_B1_R1,U25_S3_SS3_B1_R1_C1,Main Cabinet 1
Room,U25_S3_SS3_B2_R1,U25_S3_SS3_B2_R1_C1,Main Cabinet 1
Room,U25_S3_SS4_B1_R1,U25_S3_SS4_B1_R1_C1,Main Cabinet 1
Room,U25_S3_SS4_B2_R1,U25_S3_SS4_B2_R1_C1,Main Cabinet 1
Room,U25_S3_SS5_B1_R1,U25_S3_SS5_B1_R1_C1,Main Cabinet 1
Room,U25_S3_SS5_B2_R1,U25_S3_SS5_B2_R1_C1,Main Cabinet 1
Room,U25_S4_SS1_B1_R1,U25_S4_SS1_B1_R1_C1,Main Cabinet 1
Room,U25_S4_SS1_B2_R1,U25_S4_SS1_B2_R1_C1,Main Cabinet 1
Room,U25_S4_SS2_B1_R1,U25_S4_SS2_B1_R1_C1,Main Cabinet 1
Room,U25_S4_SS2_B2_R1,U25_S4_SS2_B2_R1_C1,Main Cabinet 1
Room,U25_S4_SS3_B1_R1,U25_S4_SS3_B1_R1_C1,Main Cabinet 1
Room,U25_S4_SS3_B2_R1,U25_S4_SS3_B2_R1_C1,Main Cabinet 1
Room,U25_S4_SS4_B1_R1,U25_S4_SS4_B1_R1_C1,Main Cabinet 1
Room,U25_S4_SS4_B2_R1,U25_S4_SS4_B2_R1_C1,Main Cabinet 1
Room,U25_S4_SS5_B1_R1,U25_S4_SS5_B1_R1_C1,Main Cabinet 1
Room,U25_S4_SS5_B2_R1,U25_S4_SS5_B2_R1_C1,Main Cabinet 1
Room,U25_S5_SS1_B1_R1,U25_S5_SS1_B1_R1_C1,Main Cabinet 1
Room,U25_S5_SS1_B2_R1,U25_S5_SS1_B2_R1_C1,Main Cabinet 1
Room,U25_S5_SS2_B1_R1,U25_S5_SS2_B1_R1_C1,Main Cabinet 1
Room,U25_S5_SS2_B2_R1,U25_S5_SS2_B2_R1_C1,Main Cabinet 1
Room,U25_S5_SS3_B1_R1,U25_S5_SS3_B1_R1_C1,Main Cabinet 1
Room,U25_S5_SS3_B2_R1,U25_S5_SS3_B2_R1_C1,Main Cabinet 1
Room,U25_S5_SS4_B1_R1,U25_S5_SS4_B1_R1_C1,Main Cabinet 1
Room,U25_S5_SS4_B2_R1,U25_S5_SS4_B2_R1_C1,Main Cabinet 1
Room,U25_S5_SS5_B1_R1,U25_S5_SS5_B1_R1_C1,Main Cabinet 1
Room,U25_S5_SS5_B2_R1,U25_S5_SS5_B2_R1_C1,Main Cabinet 1
