Parent Type,Parent ID,Building ID,Building Name
SubSite,U11_S1_SS1,U11_S1_SS1_B1,Building 1
SubSite,U11_S1_SS1,U11_S1_SS1_B2,Building 2
SubSite,U11_S1_SS2,U11_S1_SS2_B1,Building 1
SubSite,U11_S1_SS2,U11_S1_SS2_B2,Building 2
SubSite,U11_S1_SS3,U11_S1_SS3_B1,Building 1
SubSite,U11_S1_SS3,U11_S1_SS3_B2,Building 2
SubSite,U11_S1_SS4,U11_S1_SS4_B1,Building 1
SubSite,U11_S1_SS4,U11_S1_SS4_B2,Building 2
SubSite,U11_S1_SS5,U11_S1_SS5_B1,Building 1
SubSite,U11_S1_SS5,U11_S1_SS5_B2,Building 2
SubSite,U11_S2_SS1,U11_S2_SS1_B1,Building 1
SubSite,U11_S2_SS1,U11_S2_SS1_B2,Building 2
SubSite,U11_S2_SS2,U11_S2_SS2_B1,Building 1
SubSite,U11_S2_SS2,U11_S2_SS2_B2,Building 2
SubSite,U11_S2_SS3,U11_S2_SS3_B1,Building 1
SubSite,U11_S2_SS3,U11_S2_SS3_B2,Building 2
SubSite,U11_S2_SS4,U11_S2_SS4_B1,Building 1
SubSite,U11_S2_SS4,U11_S2_SS4_B2,Building 2
SubSite,U11_S2_SS5,U11_S2_SS5_B1,Building 1
SubSite,U11_S2_SS5,U11_S2_SS5_B2,Building 2
SubSite,U11_S3_SS1,U11_S3_SS1_B1,Building 1
SubSite,U11_S3_SS1,U11_S3_SS1_B2,Building 2
SubSite,U11_S3_SS2,U11_S3_SS2_B1,Building 1
SubSite,U11_S3_SS2,U11_S3_SS2_B2,Building 2
SubSite,U11_S3_SS3,U11_S3_SS3_B1,Building 1
SubSite,U11_S3_SS3,U11_S3_SS3_B2,Building 2
SubSite,U11_S3_SS4,U11_S3_SS4_B1,Building 1
SubSite,U11_S3_SS4,U11_S3_SS4_B2,Building 2
SubSite,U11_S3_SS5,U11_S3_SS5_B1,Building 1
SubSite,U11_S3_SS5,U11_S3_SS5_B2,Building 2
SubSite,U11_S4_SS1,U11_S4_SS1_B1,Building 1
SubSite,U11_S4_SS1,U11_S4_SS1_B2,Building 2
SubSite,U11_S4_SS2,U11_S4_SS2_B1,Building 1
SubSite,U11_S4_SS2,U11_S4_SS2_B2,Building 2
SubSite,U11_S4_SS3,U11_S4_SS3_B1,Building 1
SubSite,U11_S4_SS3,U11_S4_SS3_B2,Building 2
SubSite,U11_S4_SS4,U11_S4_SS4_B1,Building 1
SubSite,U11_S4_SS4,U11_S4_SS4_B2,Building 2
SubSite,U11_S4_SS5,U11_S4_SS5_B1,Building 1
SubSite,U11_S4_SS5,U11_S4_SS5_B2,Building 2
SubSite,U11_S5_SS1,U11_S5_SS1_B1,Building 1
SubSite,U11_S5_SS1,U11_S5_SS1_B2,Building 2
SubSite,U11_S5_SS2,U11_S5_SS2_B1,Building 1
SubSite,U11_S5_SS2,U11_S5_SS2_B2,Building 2
SubSite,U11_S5_SS3,U11_S5_SS3_B1,Building 1
SubSite,U11_S5_SS3,U11_S5_SS3_B2,Building 2
SubSite,U11_S5_SS4,U11_S5_SS4_B1,Building 1
SubSite,U11_S5_SS4,U11_S5_SS4_B2,Building 2
SubSite,U11_S5_SS5,U11_S5_SS5_B1,Building 1
SubSite,U11_S5_SS5,U11_S5_SS5_B2,Building 2
SubSite,U12_S1_SS1,U12_S1_SS1_B1,Building 1
SubSite,U12_S1_SS1,U12_S1_SS1_B2,Building 2
SubSite,U12_S1_SS2,U12_S1_SS2_B1,Building 1
SubSite,U12_S1_SS2,U12_S1_SS2_B2,Building 2
SubSite,U12_S1_SS3,U12_S1_SS3_B1,Building 1
SubSite,U12_S1_SS3,U12_S1_SS3_B2,Building 2
SubSite,U12_S1_SS4,U12_S1_SS4_B1,Building 1
SubSite,U12_S1_SS4,U12_S1_SS4_B2,Building 2
SubSite,U12_S1_SS5,U12_S1_SS5_B1,Building 1
SubSite,U12_S1_SS5,U12_S1_SS5_B2,Building 2
SubSite,U12_S2_SS1,U12_S2_SS1_B1,Building 1
SubSite,U12_S2_SS1,U12_S2_SS1_B2,Building 2
SubSite,U12_S2_SS2,U12_S2_SS2_B1,Building 1
SubSite,U12_S2_SS2,U12_S2_SS2_B2,Building 2
SubSite,U12_S2_SS3,U12_S2_SS3_B1,Building 1
SubSite,U12_S2_SS3,U12_S2_SS3_B2,Building 2
SubSite,U12_S2_SS4,U12_S2_SS4_B1,Building 1
SubSite,U12_S2_SS4,U12_S2_SS4_B2,Building 2
SubSite,U12_S2_SS5,U12_S2_SS5_B1,Building 1
SubSite,U12_S2_SS5,U12_S2_SS5_B2,Building 2
SubSite,U12_S3_SS1,U12_S3_SS1_B1,Building 1
SubSite,U12_S3_SS1,U12_S3_SS1_B2,Building 2
SubSite,U12_S3_SS2,U12_S3_SS2_B1,Building 1
SubSite,U12_S3_SS2,U12_S3_SS2_B2,Building 2
SubSite,U12_S3_SS3,U12_S3_SS3_B1,Building 1
SubSite,U12_S3_SS3,U12_S3_SS3_B2,Building 2
SubSite,U12_S3_SS4,U12_S3_SS4_B1,Building 1
SubSite,U12_S3_SS4,U12_S3_SS4_B2,Building 2
SubSite,U12_S3_SS5,U12_S3_SS5_B1,Building 1
SubSite,U12_S3_SS5,U12_S3_SS5_B2,Building 2
SubSite,U12_S4_SS1,U12_S4_SS1_B1,Building 1
SubSite,U12_S4_SS1,U12_S4_SS1_B2,Building 2
SubSite,U12_S4_SS2,U12_S4_SS2_B1,Building 1
SubSite,U12_S4_SS2,U12_S4_SS2_B2,Building 2
SubSite,U12_S4_SS3,U12_S4_SS3_B1,Building 1
SubSite,U12_S4_SS3,U12_S4_SS3_B2,Building 2
SubSite,U12_S4_SS4,U12_S4_SS4_B1,Building 1
SubSite,U12_S4_SS4,U12_S4_SS4_B2,Building 2
SubSite,U12_S4_SS5,U12_S4_SS5_B1,Building 1
SubSite,U12_S4_SS5,U12_S4_SS5_B2,Building 2
SubSite,U12_S5_SS1,U12_S5_SS1_B1,Building 1
SubSite,U12_S5_SS1,U12_S5_SS1_B2,Building 2
SubSite,U12_S5_SS2,U12_S5_SS2_B1,Building 1
SubSite,U12_S5_SS2,U12_S5_SS2_B2,Building 2
SubSite,U12_S5_SS3,U12_S5_SS3_B1,Building 1
SubSite,U12_S5_SS3,U12_S5_SS3_B2,Building 2
SubSite,U12_S5_SS4,U12_S5_SS4_B1,Building 1
SubSite,U12_S5_SS4,U12_S5_SS4_B2,Building 2
SubSite,U12_S5_SS5,U12_S5_SS5_B1,Building 1
SubSite,U12_S5_SS5,U12_S5_SS5_B2,Building 2
SubSite,U13_S1_SS1,U13_S1_SS1_B1,Building 1
SubSite,U13_S1_SS1,U13_S1_SS1_B2,Building 2
SubSite,U13_S1_SS2,U13_S1_SS2_B1,Building 1
SubSite,U13_S1_SS2,U13_S1_SS2_B2,Building 2
SubSite,U13_S1_SS3,U13_S1_SS3_B1,Building 1
SubSite,U13_S1_SS3,U13_S1_SS3_B2,Building 2
SubSite,U13_S1_SS4,U13_S1_SS4_B1,Building 1
SubSite,U13_S1_SS4,U13_S1_SS4_B2,Building 2
SubSite,U13_S1_SS5,U13_S1_SS5_B1,Building 1
SubSite,U13_S1_SS5,U13_S1_SS5_B2,Building 2
SubSite,U13_S2_SS1,U13_S2_SS1_B1,Building 1
SubSite,U13_S2_SS1,U13_S2_SS1_B2,Building 2
SubSite,U13_S2_SS2,U13_S2_SS2_B1,Building 1
SubSite,U13_S2_SS2,U13_S2_SS2_B2,Building 2
SubSite,U13_S2_SS3,U13_S2_SS3_B1,Building 1
SubSite,U13_S2_SS3,U13_S2_SS3_B2,Building 2
SubSite,U13_S2_SS4,U13_S2_SS4_B1,Building 1
SubSite,U13_S2_SS4,U13_S2_SS4_B2,Building 2
SubSite,U13_S2_SS5,U13_S2_SS5_B1,Building 1
SubSite,U13_S2_SS5,U13_S2_SS5_B2,Building 2
SubSite,U13_S3_SS1,U13_S3_SS1_B1,Building 1
SubSite,U13_S3_SS1,U13_S3_SS1_B2,Building 2
SubSite,U13_S3_SS2,U13_S3_SS2_B1,Building 1
SubSite,U13_S3_SS2,U13_S3_SS2_B2,Building 2
SubSite,U13_S3_SS3,U13_S3_SS3_B1,Building 1
SubSite,U13_S3_SS3,U13_S3_SS3_B2,Building 2
SubSite,U13_S3_SS4,U13_S3_SS4_B1,Building 1
SubSite,U13_S3_SS4,U13_S3_SS4_B2,Building 2
SubSite,U13_S3_SS5,U13_S3_SS5_B1,Building 1
SubSite,U13_S3_SS5,U13_S3_SS5_B2,Building 2
SubSite,U13_S4_SS1,U13_S4_SS1_B1,Building 1
SubSite,U13_S4_SS1,U13_S4_SS1_B2,Building 2
SubSite,U13_S4_SS2,U13_S4_SS2_B1,Building 1
SubSite,U13_S4_SS2,U13_S4_SS2_B2,Building 2
SubSite,U13_S4_SS3,U13_S4_SS3_B1,Building 1
SubSite,U13_S4_SS3,U13_S4_SS3_B2,Building 2
SubSite,U13_S4_SS4,U13_S4_SS4_B1,Building 1
SubSite,U13_S4_SS4,U13_S4_SS4_B2,Building 2
SubSite,U13_S4_SS5,U13_S4_SS5_B1,Building 1
SubSite,U13_S4_SS5,U13_S4_SS5_B2,Building 2
SubSite,U13_S5_SS1,U13_S5_SS1_B1,Building 1
SubSite,U13_S5_SS1,U13_S5_SS1_B2,Building 2
SubSite,U13_S5_SS2,U13_S5_SS2_B1,Building 1
SubSite,U13_S5_SS2,U13_S5_SS2_B2,Building 2
SubSite,U13_S5_SS3,U13_S5_SS3_B1,Building 1
SubSite,U13_S5_SS3,U13_S5_SS3_B2,Building 2
SubSite,U13_S5_SS4,U13_S5_SS4_B1,Building 1
SubSite,U13_S5_SS4,U13_S5_SS4_B2,Building 2
SubSite,U13_S5_SS5,U13_S5_SS5_B1,Building 1
SubSite,U13_S5_SS5,U13_S5_SS5_B2,Building 2
SubSite,U14_S1_SS1,U14_S1_SS1_B1,Building 1
SubSite,U14_S1_SS1,U14_S1_SS1_B2,Building 2
SubSite,U14_S1_SS2,U14_S1_SS2_B1,Building 1
SubSite,U14_S1_SS2,U14_S1_SS2_B2,Building 2
SubSite,U14_S1_SS3,U14_S1_SS3_B1,Building 1
SubSite,U14_S1_SS3,U14_S1_SS3_B2,Building 2
SubSite,U14_S1_SS4,U14_S1_SS4_B1,Building 1
SubSite,U14_S1_SS4,U14_S1_SS4_B2,Building 2
SubSite,U14_S1_SS5,U14_S1_SS5_B1,Building 1
SubSite,U14_S1_SS5,U14_S1_SS5_B2,Building 2
SubSite,U14_S2_SS1,U14_S2_SS1_B1,Building 1
SubSite,U14_S2_SS1,U14_S2_SS1_B2,Building 2
SubSite,U14_S2_SS2,U14_S2_SS2_B1,Building 1
SubSite,U14_S2_SS2,U14_S2_SS2_B2,Building 2
SubSite,U14_S2_SS3,U14_S2_SS3_B1,Building 1
SubSite,U14_S2_SS3,U14_S2_SS3_B2,Building 2
SubSite,U14_S2_SS4,U14_S2_SS4_B1,Building 1
SubSite,U14_S2_SS4,U14_S2_SS4_B2,Building 2
SubSite,U14_S2_SS5,U14_S2_SS5_B1,Building 1
SubSite,U14_S2_SS5,U14_S2_SS5_B2,Building 2
SubSite,U14_S3_SS1,U14_S3_SS1_B1,Building 1
SubSite,U14_S3_SS1,U14_S3_SS1_B2,Building 2
SubSite,U14_S3_SS2,U14_S3_SS2_B1,Building 1
SubSite,U14_S3_SS2,U14_S3_SS2_B2,Building 2
SubSite,U14_S3_SS3,U14_S3_SS3_B1,Building 1
SubSite,U14_S3_SS3,U14_S3_SS3_B2,Building 2
SubSite,U14_S3_SS4,U14_S3_SS4_B1,Building 1
SubSite,U14_S3_SS4,U14_S3_SS4_B2,Building 2
SubSite,U14_S3_SS5,U14_S3_SS5_B1,Building 1
SubSite,U14_S3_SS5,U14_S3_SS5_B2,Building 2
SubSite,U14_S4_SS1,U14_S4_SS1_B1,Building 1
SubSite,U14_S4_SS1,U14_S4_SS1_B2,Building 2
SubSite,U14_S4_SS2,U14_S4_SS2_B1,Building 1
SubSite,U14_S4_SS2,U14_S4_SS2_B2,Building 2
SubSite,U14_S4_SS3,U14_S4_SS3_B1,Building 1
SubSite,U14_S4_SS3,U14_S4_SS3_B2,Building 2
SubSite,U14_S4_SS4,U14_S4_SS4_B1,Building 1
SubSite,U14_S4_SS4,U14_S4_SS4_B2,Building 2
SubSite,U14_S4_SS5,U14_S4_SS5_B1,Building 1
SubSite,U14_S4_SS5,U14_S4_SS5_B2,Building 2
SubSite,U14_S5_SS1,U14_S5_SS1_B1,Building 1
SubSite,U14_S5_SS1,U14_S5_SS1_B2,Building 2
SubSite,U14_S5_SS2,U14_S5_SS2_B1,Building 1
SubSite,U14_S5_SS2,U14_S5_SS2_B2,Building 2
SubSite,U14_S5_SS3,U14_S5_SS3_B1,Building 1
SubSite,U14_S5_SS3,U14_S5_SS3_B2,Building 2
SubSite,U14_S5_SS4,U14_S5_SS4_B1,Building 1
SubSite,U14_S5_SS4,U14_S5_SS4_B2,Building 2
SubSite,U14_S5_SS5,U14_S5_SS5_B1,Building 1
SubSite,U14_S5_SS5,U14_S5_SS5_B2,Building 2
SubSite,U15_S1_SS1,U15_S1_SS1_B1,Building 1
SubSite,U15_S1_SS1,U15_S1_SS1_B2,Building 2
SubSite,U15_S1_SS2,U15_S1_SS2_B1,Building 1
SubSite,U15_S1_SS2,U15_S1_SS2_B2,Building 2
SubSite,U15_S1_SS3,U15_S1_SS3_B1,Building 1
SubSite,U15_S1_SS3,U15_S1_SS3_B2,Building 2
SubSite,U15_S1_SS4,U15_S1_SS4_B1,Building 1
SubSite,U15_S1_SS4,U15_S1_SS4_B2,Building 2
SubSite,U15_S1_SS5,U15_S1_SS5_B1,Building 1
SubSite,U15_S1_SS5,U15_S1_SS5_B2,Building 2
SubSite,U15_S2_SS1,U15_S2_SS1_B1,Building 1
SubSite,U15_S2_SS1,U15_S2_SS1_B2,Building 2
SubSite,U15_S2_SS2,U15_S2_SS2_B1,Building 1
SubSite,U15_S2_SS2,U15_S2_SS2_B2,Building 2
SubSite,U15_S2_SS3,U15_S2_SS3_B1,Building 1
SubSite,U15_S2_SS3,U15_S2_SS3_B2,Building 2
SubSite,U15_S2_SS4,U15_S2_SS4_B1,Building 1
SubSite,U15_S2_SS4,U15_S2_SS4_B2,Building 2
SubSite,U15_S2_SS5,U15_S2_SS5_B1,Building 1
SubSite,U15_S2_SS5,U15_S2_SS5_B2,Building 2
SubSite,U15_S3_SS1,U15_S3_SS1_B1,Building 1
SubSite,U15_S3_SS1,U15_S3_SS1_B2,Building 2
SubSite,U15_S3_SS2,U15_S3_SS2_B1,Building 1
SubSite,U15_S3_SS2,U15_S3_SS2_B2,Building 2
SubSite,U15_S3_SS3,U15_S3_SS3_B1,Building 1
SubSite,U15_S3_SS3,U15_S3_SS3_B2,Building 2
SubSite,U15_S3_SS4,U15_S3_SS4_B1,Building 1
SubSite,U15_S3_SS4,U15_S3_SS4_B2,Building 2
SubSite,U15_S3_SS5,U15_S3_SS5_B1,Building 1
SubSite,U15_S3_SS5,U15_S3_SS5_B2,Building 2
SubSite,U15_S4_SS1,U15_S4_SS1_B1,Building 1
SubSite,U15_S4_SS1,U15_S4_SS1_B2,Building 2
SubSite,U15_S4_SS2,U15_S4_SS2_B1,Building 1
SubSite,U15_S4_SS2,U15_S4_SS2_B2,Building 2
SubSite,U15_S4_SS3,U15_S4_SS3_B1,Building 1
SubSite,U15_S4_SS3,U15_S4_SS3_B2,Building 2
SubSite,U15_S4_SS4,U15_S4_SS4_B1,Building 1
SubSite,U15_S4_SS4,U15_S4_SS4_B2,Building 2
SubSite,U15_S4_SS5,U15_S4_SS5_B1,Building 1
SubSite,U15_S4_SS5,U15_S4_SS5_B2,Building 2
SubSite,U15_S5_SS1,U15_S5_SS1_B1,Building 1
SubSite,U15_S5_SS1,U15_S5_SS1_B2,Building 2
SubSite,U15_S5_SS2,U15_S5_SS2_B1,Building 1
SubSite,U15_S5_SS2,U15_S5_SS2_B2,Building 2
SubSite,U15_S5_SS3,U15_S5_SS3_B1,Building 1
SubSite,U15_S5_SS3,U15_S5_SS3_B2,Building 2
SubSite,U15_S5_SS4,U15_S5_SS4_B1,Building 1
SubSite,U15_S5_SS4,U15_S5_SS4_B2,Building 2
SubSite,U15_S5_SS5,U15_S5_SS5_B1,Building 1
SubSite,U15_S5_SS5,U15_S5_SS5_B2,Building 2
SubSite,U21_S1_SS1,U21_S1_SS1_B1,Building 1
SubSite,U21_S1_SS1,U21_S1_SS1_B2,Building 2
SubSite,U21_S1_SS2,U21_S1_SS2_B1,Building 1
SubSite,U21_S1_SS2,U21_S1_SS2_B2,Building 2
SubSite,U21_S1_SS3,U21_S1_SS3_B1,Building 1
SubSite,U21_S1_SS3,U21_S1_SS3_B2,Building 2
SubSite,U21_S1_SS4,U21_S1_SS4_B1,Building 1
SubSite,U21_S1_SS4,U21_S1_SS4_B2,Building 2
SubSite,U21_S1_SS5,U21_S1_SS5_B1,Building 1
SubSite,U21_S1_SS5,U21_S1_SS5_B2,Building 2
SubSite,U21_S2_SS1,U21_S2_SS1_B1,Building 1
SubSite,U21_S2_SS1,U21_S2_SS1_B2,Building 2
SubSite,U21_S2_SS2,U21_S2_SS2_B1,Building 1
SubSite,U21_S2_SS2,U21_S2_SS2_B2,Building 2
SubSite,U21_S2_SS3,U21_S2_SS3_B1,Building 1
SubSite,U21_S2_SS3,U21_S2_SS3_B2,Building 2
SubSite,U21_S2_SS4,U21_S2_SS4_B1,Building 1
SubSite,U21_S2_SS4,U21_S2_SS4_B2,Building 2
SubSite,U21_S2_SS5,U21_S2_SS5_B1,Building 1
SubSite,U21_S2_SS5,U21_S2_SS5_B2,Building 2
SubSite,U21_S3_SS1,U21_S3_SS1_B1,Building 1
SubSite,U21_S3_SS1,U21_S3_SS1_B2,Building 2
SubSite,U21_S3_SS2,U21_S3_SS2_B1,Building 1
SubSite,U21_S3_SS2,U21_S3_SS2_B2,Building 2
SubSite,U21_S3_SS3,U21_S3_SS3_B1,Building 1
SubSite,U21_S3_SS3,U21_S3_SS3_B2,Building 2
SubSite,U21_S3_SS4,U21_S3_SS4_B1,Building 1
SubSite,U21_S3_SS4,U21_S3_SS4_B2,Building 2
SubSite,U21_S3_SS5,U21_S3_SS5_B1,Building 1
SubSite,U21_S3_SS5,U21_S3_SS5_B2,Building 2
SubSite,U21_S4_SS1,U21_S4_SS1_B1,Building 1
SubSite,U21_S4_SS1,U21_S4_SS1_B2,Building 2
SubSite,U21_S4_SS2,U21_S4_SS2_B1,Building 1
SubSite,U21_S4_SS2,U21_S4_SS2_B2,Building 2
SubSite,U21_S4_SS3,U21_S4_SS3_B1,Building 1
SubSite,U21_S4_SS3,U21_S4_SS3_B2,Building 2
SubSite,U21_S4_SS4,U21_S4_SS4_B1,Building 1
SubSite,U21_S4_SS4,U21_S4_SS4_B2,Building 2
SubSite,U21_S4_SS5,U21_S4_SS5_B1,Building 1
SubSite,U21_S4_SS5,U21_S4_SS5_B2,Building 2
SubSite,U21_S5_SS1,U21_S5_SS1_B1,Building 1
SubSite,U21_S5_SS1,U21_S5_SS1_B2,Building 2
SubSite,U21_S5_SS2,U21_S5_SS2_B1,Building 1
SubSite,U21_S5_SS2,U21_S5_SS2_B2,Building 2
SubSite,U21_S5_SS3,U21_S5_SS3_B1,Building 1
SubSite,U21_S5_SS3,U21_S5_SS3_B2,Building 2
SubSite,U21_S5_SS4,U21_S5_SS4_B1,Building 1
SubSite,U21_S5_SS4,U21_S5_SS4_B2,Building 2
SubSite,U21_S5_SS5,U21_S5_SS5_B1,Building 1
SubSite,U21_S5_SS5,U21_S5_SS5_B2,Building 2
SubSite,U22_S1_SS1,U22_S1_SS1_B1,Building 1
SubSite,U22_S1_SS1,U22_S1_SS1_B2,Building 2
SubSite,U22_S1_SS2,U22_S1_SS2_B1,Building 1
SubSite,U22_S1_SS2,U22_S1_SS2_B2,Building 2
SubSite,U22_S1_SS3,U22_S1_SS3_B1,Building 1
SubSite,U22_S1_SS3,U22_S1_SS3_B2,Building 2
SubSite,U22_S1_SS4,U22_S1_SS4_B1,Building 1
SubSite,U22_S1_SS4,U22_S1_SS4_B2,Building 2
SubSite,U22_S1_SS5,U22_S1_SS5_B1,Building 1
SubSite,U22_S1_SS5,U22_S1_SS5_B2,Building 2
SubSite,U22_S2_SS1,U22_S2_SS1_B1,Building 1
SubSite,U22_S2_SS1,U22_S2_SS1_B2,Building 2
SubSite,U22_S2_SS2,U22_S2_SS2_B1,Building 1
SubSite,U22_S2_SS2,U22_S2_SS2_B2,Building 2
SubSite,U22_S2_SS3,U22_S2_SS3_B1,Building 1
SubSite,U22_S2_SS3,U22_S2_SS3_B2,Building 2
SubSite,U22_S2_SS4,U22_S2_SS4_B1,Building 1
SubSite,U22_S2_SS4,U22_S2_SS4_B2,Building 2
SubSite,U22_S2_SS5,U22_S2_SS5_B1,Building 1
SubSite,U22_S2_SS5,U22_S2_SS5_B2,Building 2
SubSite,U22_S3_SS1,U22_S3_SS1_B1,Building 1
SubSite,U22_S3_SS1,U22_S3_SS1_B2,Building 2
SubSite,U22_S3_SS2,U22_S3_SS2_B1,Building 1
SubSite,U22_S3_SS2,U22_S3_SS2_B2,Building 2
SubSite,U22_S3_SS3,U22_S3_SS3_B1,Building 1
SubSite,U22_S3_SS3,U22_S3_SS3_B2,Building 2
SubSite,U22_S3_SS4,U22_S3_SS4_B1,Building 1
SubSite,U22_S3_SS4,U22_S3_SS4_B2,Building 2
SubSite,U22_S3_SS5,U22_S3_SS5_B1,Building 1
SubSite,U22_S3_SS5,U22_S3_SS5_B2,Building 2
SubSite,U22_S4_SS1,U22_S4_SS1_B1,Building 1
SubSite,U22_S4_SS1,U22_S4_SS1_B2,Building 2
SubSite,U22_S4_SS2,U22_S4_SS2_B1,Building 1
SubSite,U22_S4_SS2,U22_S4_SS2_B2,Building 2
SubSite,U22_S4_SS3,U22_S4_SS3_B1,Building 1
SubSite,U22_S4_SS3,U22_S4_SS3_B2,Building 2
SubSite,U22_S4_SS4,U22_S4_SS4_B1,Building 1
SubSite,U22_S4_SS4,U22_S4_SS4_B2,Building 2
SubSite,U22_S4_SS5,U22_S4_SS5_B1,Building 1
SubSite,U22_S4_SS5,U22_S4_SS5_B2,Building 2
SubSite,U22_S5_SS1,U22_S5_SS1_B1,Building 1
SubSite,U22_S5_SS1,U22_S5_SS1_B2,Building 2
SubSite,U22_S5_SS2,U22_S5_SS2_B1,Building 1
SubSite,U22_S5_SS2,U22_S5_SS2_B2,Building 2
SubSite,U22_S5_SS3,U22_S5_SS3_B1,Building 1
SubSite,U22_S5_SS3,U22_S5_SS3_B2,Building 2
SubSite,U22_S5_SS4,U22_S5_SS4_B1,Building 1
SubSite,U22_S5_SS4,U22_S5_SS4_B2,Building 2
SubSite,U22_S5_SS5,U22_S5_SS5_B1,Building 1
SubSite,U22_S5_SS5,U22_S5_SS5_B2,Building 2
SubSite,U23_S1_SS1,U23_S1_SS1_B1,Building 1
SubSite,U23_S1_SS1,U23_S1_SS1_B2,Building 2
SubSite,U23_S1_SS2,U23_S1_SS2_B1,Building 1
SubSite,U23_S1_SS2,U23_S1_SS2_B2,Building 2
SubSite,U23_S1_SS3,U23_S1_SS3_B1,Building 1
SubSite,U23_S1_SS3,U23_S1_SS3_B2,Building 2
SubSite,U23_S1_SS4,U23_S1_SS4_B1,Building 1
SubSite,U23_S1_SS4,U23_S1_SS4_B2,Building 2
SubSite,U23_S1_SS5,U23_S1_SS5_B1,Building 1
SubSite,U23_S1_SS5,U23_S1_SS5_B2,Building 2
SubSite,U23_S2_SS1,U23_S2_SS1_B1,Building 1
SubSite,U23_S2_SS1,U23_S2_SS1_B2,Building 2
SubSite,U23_S2_SS2,U23_S2_SS2_B1,Building 1
SubSite,U23_S2_SS2,U23_S2_SS2_B2,Building 2
SubSite,U23_S2_SS3,U23_S2_SS3_B1,Building 1
SubSite,U23_S2_SS3,U23_S2_SS3_B2,Building 2
SubSite,U23_S2_SS4,U23_S2_SS4_B1,Building 1
SubSite,U23_S2_SS4,U23_S2_SS4_B2,Building 2
SubSite,U23_S2_SS5,U23_S2_SS5_B1,Building 1
SubSite,U23_S2_SS5,U23_S2_SS5_B2,Building 2
SubSite,U23_S3_SS1,U23_S3_SS1_B1,Building 1
SubSite,U23_S3_SS1,U23_S3_SS1_B2,Building 2
SubSite,U23_S3_SS2,U23_S3_SS2_B1,Building 1
SubSite,U23_S3_SS2,U23_S3_SS2_B2,Building 2
SubSite,U23_S3_SS3,U23_S3_SS3_B1,Building 1
SubSite,U23_S3_SS3,U23_S3_SS3_B2,Building 2
SubSite,U23_S3_SS4,U23_S3_SS4_B1,Building 1
SubSite,U23_S3_SS4,U23_S3_SS4_B2,Building 2
SubSite,U23_S3_SS5,U23_S3_SS5_B1,Building 1
SubSite,U23_S3_SS5,U23_S3_SS5_B2,Building 2
SubSite,U23_S4_SS1,U23_S4_SS1_B1,Building 1
SubSite,U23_S4_SS1,U23_S4_SS1_B2,Building 2
SubSite,U23_S4_SS2,U23_S4_SS2_B1,Building 1
SubSite,U23_S4_SS2,U23_S4_SS2_B2,Building 2
SubSite,U23_S4_SS3,U23_S4_SS3_B1,Building 1
SubSite,U23_S4_SS3,U23_S4_SS3_B2,Building 2
SubSite,U23_S4_SS4,U23_S4_SS4_B1,Building 1
SubSite,U23_S4_SS4,U23_S4_SS4_B2,Building 2
SubSite,U23_S4_SS5,U23_S4_SS5_B1,Building 1
SubSite,U23_S4_SS5,U23_S4_SS5_B2,Building 2
SubSite,U23_S5_SS1,U23_S5_SS1_B1,Building 1
SubSite,U23_S5_SS1,U23_S5_SS1_B2,Building 2
SubSite,U23_S5_SS2,U23_S5_SS2_B1,Building 1
SubSite,U23_S5_SS2,U23_S5_SS2_B2,Building 2
SubSite,U23_S5_SS3,U23_S5_SS3_B1,Building 1
SubSite,U23_S5_SS3,U23_S5_SS3_B2,Building 2
SubSite,U23_S5_SS4,U23_S5_SS4_B1,Building 1
SubSite,U23_S5_SS4,U23_S5_SS4_B2,Building 2
SubSite,U23_S5_SS5,U23_S5_SS5_B1,Building 1
SubSite,U23_S5_SS5,U23_S5_SS5_B2,Building 2
SubSite,U24_S1_SS1,U24_S1_SS1_B1,Building 1
SubSite,U24_S1_SS1,U24_S1_SS1_B2,Building 2
SubSite,U24_S1_SS2,U24_S1_SS2_B1,Building 1
SubSite,U24_S1_SS2,U24_S1_SS2_B2,Building 2
SubSite,U24_S1_SS3,U24_S1_SS3_B1,Building 1
SubSite,U24_S1_SS3,U24_S1_SS3_B2,Building 2
SubSite,U24_S1_SS4,U24_S1_SS4_B1,Building 1
SubSite,U24_S1_SS4,U24_S1_SS4_B2,Building 2
SubSite,U24_S1_SS5,U24_S1_SS5_B1,Building 1
SubSite,U24_S1_SS5,U24_S1_SS5_B2,Building 2
SubSite,U24_S2_SS1,U24_S2_SS1_B1,Building 1
SubSite,U24_S2_SS1,U24_S2_SS1_B2,Building 2
SubSite,U24_S2_SS2,U24_S2_SS2_B1,Building 1
SubSite,U24_S2_SS2,U24_S2_SS2_B2,Building 2
SubSite,U24_S2_SS3,U24_S2_SS3_B1,Building 1
SubSite,U24_S2_SS3,U24_S2_SS3_B2,Building 2
SubSite,U24_S2_SS4,U24_S2_SS4_B1,Building 1
SubSite,U24_S2_SS4,U24_S2_SS4_B2,Building 2
SubSite,U24_S2_SS5,U24_S2_SS5_B1,Building 1
SubSite,U24_S2_SS5,U24_S2_SS5_B2,Building 2
SubSite,U24_S3_SS1,U24_S3_SS1_B1,Building 1
SubSite,U24_S3_SS1,U24_S3_SS1_B2,Building 2
SubSite,U24_S3_SS2,U24_S3_SS2_B1,Building 1
SubSite,U24_S3_SS2,U24_S3_SS2_B2,Building 2
SubSite,U24_S3_SS3,U24_S3_SS3_B1,Building 1
SubSite,U24_S3_SS3,U24_S3_SS3_B2,Building 2
SubSite,U24_S3_SS4,U24_S3_SS4_B1,Building 1
SubSite,U24_S3_SS4,U24_S3_SS4_B2,Building 2
SubSite,U24_S3_SS5,U24_S3_SS5_B1,Building 1
SubSite,U24_S3_SS5,U24_S3_SS5_B2,Building 2
SubSite,U24_S4_SS1,U24_S4_SS1_B1,Building 1
SubSite,U24_S4_SS1,U24_S4_SS1_B2,Building 2
SubSite,U24_S4_SS2,U24_S4_SS2_B1,Building 1
SubSite,U24_S4_SS2,U24_S4_SS2_B2,Building 2
SubSite,U24_S4_SS3,U24_S4_SS3_B1,Building 1
SubSite,U24_S4_SS3,U24_S4_SS3_B2,Building 2
SubSite,U24_S4_SS4,U24_S4_SS4_B1,Building 1
SubSite,U24_S4_SS4,U24_S4_SS4_B2,Building 2
SubSite,U24_S4_SS5,U24_S4_SS5_B1,Building 1
SubSite,U24_S4_SS5,U24_S4_SS5_B2,Building 2
SubSite,U24_S5_SS1,U24_S5_SS1_B1,Building 1
SubSite,U24_S5_SS1,U24_S5_SS1_B2,Building 2
SubSite,U24_S5_SS2,U24_S5_SS2_B1,Building 1
SubSite,U24_S5_SS2,U24_S5_SS2_B2,Building 2
SubSite,U24_S5_SS3,U24_S5_SS3_B1,Building 1
SubSite,U24_S5_SS3,U24_S5_SS3_B2,Building 2
SubSite,U24_S5_SS4,U24_S5_SS4_B1,Building 1
SubSite,U24_S5_SS4,U24_S5_SS4_B2,Building 2
SubSite,U24_S5_SS5,U24_S5_SS5_B1,Building 1
SubSite,U24_S5_SS5,U24_S5_SS5_B2,Building 2
SubSite,U25_S1_SS1,U25_S1_SS1_B1,Building 1
SubSite,U25_S1_SS1,U25_S1_SS1_B2,Building 2
SubSite,U25_S1_SS2,U25_S1_SS2_B1,Building 1
SubSite,U25_S1_SS2,U25_S1_SS2_B2,Building 2
SubSite,U25_S1_SS3,U25_S1_SS3_B1,Building 1
SubSite,U25_S1_SS3,U25_S1_SS3_B2,Building 2
SubSite,U25_S1_SS4,U25_S1_SS4_B1,Building 1
SubSite,U25_S1_SS4,U25_S1_SS4_B2,Building 2
SubSite,U25_S1_SS5,U25_S1_SS5_B1,Building 1
SubSite,U25_S1_SS5,U25_S1_SS5_B2,Building 2
SubSite,U25_S2_SS1,U25_S2_SS1_B1,Building 1
SubSite,U25_S2_SS1,U25_S2_SS1_B2,Building 2
SubSite,U25_S2_SS2,U25_S2_SS2_B1,Building 1
SubSite,U25_S2_SS2,U25_S2_SS2_B2,Building 2
SubSite,U25_S2_SS3,U25_S2_SS3_B1,Building 1
SubSite,U25_S2_SS3,U25_S2_SS3_B2,Building 2
SubSite,U25_S2_SS4,U25_S2_SS4_B1,Building 1
SubSite,U25_S2_SS4,U25_S2_SS4_B2,Building 2
SubSite,U25_S2_SS5,U25_S2_SS5_B1,Building 1
SubSite,U25_S2_SS5,U25_S2_SS5_B2,Building 2
SubSite,U25_S3_SS1,U25_S3_SS1_B1,Building 1
SubSite,U25_S3_SS1,U25_S3_SS1_B2,Building 2
SubSite,U25_S3_SS2,U25_S3_SS2_B1,Building 1
SubSite,U25_S3_SS2,U25_S3_SS2_B2,Building 2
SubSite,U25_S3_SS3,U25_S3_SS3_B1,Building 1
SubSite,U25_S3_SS3,U25_S3_SS3_B2,Building 2
SubSite,U25_S3_SS4,U25_S3_SS4_B1,Building 1
SubSite,U25_S3_SS4,U25_S3_SS4_B2,Building 2
SubSite,U25_S3_SS5,U25_S3_SS5_B1,Building 1
SubSite,U25_S3_SS5,U25_S3_SS5_B2,Building 2
SubSite,U25_S4_SS1,U25_S4_SS1_B1,Building 1
SubSite,U25_S4_SS1,U25_S4_SS1_B2,Building 2
SubSite,U25_S4_SS2,U25_S4_SS2_B1,Building 1
SubSite,U25_S4_SS2,U25_S4_SS2_B2,Building 2
SubSite,U25_S4_SS3,U25_S4_SS3_B1,Building 1
SubSite,U25_S4_SS3,U25_S4_SS3_B2,Building 2
SubSite,U25_S4_SS4,U25_S4_SS4_B1,Building 1
SubSite,U25_S4_SS4,U25_S4_SS4_B2,Building 2
SubSite,U25_S4_SS5,U25_S4_SS5_B1,Building 1
SubSite,U25_S4_SS5,U25_S4_SS5_B2,Building 2
SubSite,U25_S5_SS1,U25_S5_SS1_B1,Building 1
SubSite,U25_S5_SS1,U25_S5_SS1_B2,Building 2
SubSite,U25_S5_SS2,U25_S5_SS2_B1,Building 1
SubSite,U25_S5_SS2,U25_S5_SS2_B2,Building 2
SubSite,U25_S5_SS3,U25_S5_SS3_B1,Building 1
SubSite,U25_S5_SS3,U25_S5_SS3_B2,Building 2
SubSite,U25_S5_SS4,U25_S5_SS4_B1,Building 1
SubSite,U25_S5_SS4,U25_S5_SS4_B2,Building 2
SubSite,U25_S5_SS5,U25_S5_SS5_B1,Building 1
SubSite,U25_S5_SS5,U25_S5_SS5_B2,Building 2
